{
   "data_time": 0.0384707185,
   "eta_seconds": 0,
   "fast_rcnn/cls_accuracy": 0.8759765625,
   "fast_rcnn/false_negative": 0.328125,
   "fast_rcnn/fg_cls_accuracy": 0.65234375,
   "loss_box_reg": 0.3547060341,
   "loss_cls": 0.3148614019,
   "loss_mask": 0.2272802964,
   "loss_rpn_cls": 0.1941592172,
   "loss_rpn_loc": 0.5610986948000001,
   "lr": 0.005,
   "mask_rcnn/accuracy": 0.9019152583000001,
   "mask_rcnn/false_negative": 0.0474382052,
   "mask_rcnn/false_positive": 0.1933435273,
   "roi_head/num_bg_samples": 384,
   "roi_head/num_fg_samples": 128,
   "rpn/num_neg_anchors": 128,
   "rpn/num_pos_anchors": 128,
   "time": 0.45036137800000003,
   "total_loss": 1.67674575,
   "total_val_loss": 1.6240168139,
   "val_loss_box_reg": 0.36729170380000004,
   "val_loss_cls": 0.3882337809,
   "val_loss_mask": 0.2221190557,
   "val_loss_rpn_cls": 0.185833782,
   "val_loss_rpn_loc": 0.4196021855,
   "bbox/AP": 14.1324466466,
   "bbox/AP-BATHTUB": 26.9539993999,
   "bbox/AP-COLUMN": 1.2101210121000001,
   "bbox/AP-DOOR": 6.3684501387,
   "bbox/AP-KITCHEN": 5.3355524403,
   "bbox/AP-RAILING_UNION": 5.4995213918,
   "bbox/AP-SHOWER": 5.9159169334,
   "bbox/AP-SINK": 12.6007974667,
   "bbox/AP-SPACE": 51.7752180857,
   "bbox/AP-TOILET": 12.5918345865,
   "bbox/AP-WALL_UNION_EX_OPENINGS": 15.7892070797,
   "bbox/AP-WINDOW": 11.4162945778,
   "bbox/AP50": 23.4122381084,
   "bbox/AP75": 14.3203565609,
   "bbox/APl": 13.9928382868,
   "bbox/APm": 17.1423098672,
   "bbox/APs": 6.3729964264,
   "segm/AP": 13.2527339135,
   "segm/AP-BATHTUB": 29.0792156802,
   "segm/AP-COLUMN": 1.1111111111,
   "segm/AP-DOOR": 6.3821814401,
   "segm/AP-KITCHEN": 5.7430644155,
   "segm/AP-RAILING_UNION": 0.06482791140000001,
   "segm/AP-SHOWER": 5.7228884573,
   "segm/AP-SINK": 13.5884284212,
   "segm/AP-SPACE": 53.9444062482,
   "segm/AP-TOILET": 13.0984061093,
   "segm/AP-WALL_UNION_EX_OPENINGS": 5.3124762572,
   "segm/AP-WINDOW": 11.7330669968,
   "segm/AP50": 21.6366278356,
   "segm/AP75": 13.4321428966,
   "segm/APl": 14.1901548021,
   "segm/APm": 14.817950906,
   "segm/APs": 5.6972510163
}